filename,width,height,objects
aug_0_0.jpg,448,448,"[{'name': 'coin_1', 'coordinates': [77, 73]}, {'name': 'coin_2', 'coordinates': [17, 245]}, {'name': 'coin_3', 'coordinates': [373, 112]}, {'name': 'coin_4', 'coordinates': [428, 236]}]"
aug_1_0.jpg,448,448,"[{'name': 'coin_1', 'coordinates': [77, 73]}, {'name': 'coin_2', 'coordinates': [17, 245]}, {'name': 'coin_3', 'coordinates': [373, 112]}, {'name': 'coin_4', 'coordinates': [428, 236]}]"
aug_2_0.jpg,448,448,"[{'name': 'coin_1', 'coordinates': [77, 73]}, {'name': 'coin_2', 'coordinates': [17, 245]}, {'name': 'coin_3', 'coordinates': [373, 112]}, {'name': 'coin_4', 'coordinates': [428, 236]}]"
aug_3_0.jpg,448,448,"[{'name': 'coin_1', 'coordinates': [77, 73]}, {'name': 'coin_2', 'coordinates': [17, 245]}, {'name': 'coin_3', 'coordinates': [373, 112]}, {'name': 'coin_4', 'coordinates': [428, 236]}]"
aug_0_1.jpg,448,448,"[{'name': 'coin_1', 'coordinates': [89, 167]}, {'name': 'coin_2', 'coordinates': [93, 93]}, {'name': 'coin_3', 'coordinates': [346, 171]}, {'name': 'coin_4', 'coordinates': [336, 89]}]"
aug_1_1.jpg,448,448,"[{'name': 'coin_1', 'coordinates': [89, 167]}, {'name': 'coin_2', 'coordinates': [93, 93]}, {'name': 'coin_3', 'coordinates': [346, 171]}, {'name': 'coin_4', 'coordinates': [336, 89]}]"
aug_2_1.jpg,448,448,"[{'name': 'coin_1', 'coordinates': [89, 167]}, {'name': 'coin_2', 'coordinates': [93, 93]}, {'name': 'coin_3', 'coordinates': [346, 171]}, {'name': 'coin_4', 'coordinates': [336, 89]}]"
aug_3_1.jpg,448,448,"[{'name': 'coin_1', 'coordinates': [89, 167]}, {'name': 'coin_2', 'coordinates': [93, 93]}, {'name': 'coin_3', 'coordinates': [346, 171]}, {'name': 'coin_4', 'coordinates': [336, 89]}]"
aug_0_10.jpg,448,448,"[{'name': 'coin_1', 'coordinates': [78, 341]}, {'name': 'coin_2', 'coordinates': [20, 186]}, {'name': 'coin_3', 'coordinates': [392, 286]}, {'name': 'coin_4', 'coordinates': [440, 170]}]"
aug_1_10.jpg,448,448,"[{'name': 'coin_1', 'coordinates': [78, 341]}, {'name': 'coin_2', 'coordinates': [20, 186]}, {'name': 'coin_3', 'coordinates': [392, 286]}, {'name': 'coin_4', 'coordinates': [440, 170]}]"
aug_2_10.jpg,448,448,"[{'name': 'coin_1', 'coordinates': [78, 341]}, {'name': 'coin_2', 'coordinates': [20, 186]}, {'name': 'coin_3', 'coordinates': [392, 286]}, {'name': 'coin_4', 'coordinates': [440, 170]}]"
aug_3_10.jpg,448,448,"[{'name': 'coin_1', 'coordinates': [78, 341]}, {'name': 'coin_2', 'coordinates': [20, 186]}, {'name': 'coin_3', 'coordinates': [392, 286]}, {'name': 'coin_4', 'coordinates': [440, 170]}]"
aug_0_11.jpg,448,448,"[{'name': 'coin_1', 'coordinates': [69, 340]}, {'name': 'coin_2', 'coordinates': [31, 213]}, {'name': 'coin_3', 'coordinates': [390, 270]}, {'name': 'coin_4', 'coordinates': [434, 162]}]"
aug_1_11.jpg,448,448,"[{'name': 'coin_1', 'coordinates': [69, 340]}, {'name': 'coin_2', 'coordinates': [31, 213]}, {'name': 'coin_3', 'coordinates': [390, 270]}, {'name': 'coin_4', 'coordinates': [434, 162]}]"
aug_2_11.jpg,448,448,"[{'name': 'coin_1', 'coordinates': [69, 340]}, {'name': 'coin_2', 'coordinates': [31, 213]}, {'name': 'coin_3', 'coordinates': [390, 270]}, {'name': 'coin_4', 'coordinates': [434, 162]}]"
aug_3_11.jpg,448,448,"[{'name': 'coin_1', 'coordinates': [69, 340]}, {'name': 'coin_2', 'coordinates': [31, 213]}, {'name': 'coin_3', 'coordinates': [390, 270]}, {'name': 'coin_4', 'coordinates': [434, 162]}]"
aug_0_12.jpg,448,448,"[{'name': 'coin_1', 'coordinates': [72, 338]}, {'name': 'coin_2', 'coordinates': [32, 209]}, {'name': 'coin_3', 'coordinates': [393, 267]}, {'name': 'coin_4', 'coordinates': [441, 153]}]"
aug_1_12.jpg,448,448,"[{'name': 'coin_1', 'coordinates': [72, 338]}, {'name': 'coin_2', 'coordinates': [32, 209]}, {'name': 'coin_3', 'coordinates': [393, 267]}, {'name': 'coin_4', 'coordinates': [441, 153]}]"
aug_2_12.jpg,448,448,"[{'name': 'coin_1', 'coordinates': [72, 338]}, {'name': 'coin_2', 'coordinates': [32, 209]}, {'name': 'coin_3', 'coordinates': [393, 267]}, {'name': 'coin_4', 'coordinates': [441, 153]}]"
aug_3_12.jpg,448,448,"[{'name': 'coin_1', 'coordinates': [72, 338]}, {'name': 'coin_2', 'coordinates': [32, 209]}, {'name': 'coin_3', 'coordinates': [393, 267]}, {'name': 'coin_4', 'coordinates': [441, 153]}]"
aug_0_13.jpg,448,448,"[{'name': 'coin_1', 'coordinates': [74, 277]}, {'name': 'coin_2', 'coordinates': [26, 163]}, {'name': 'coin_3', 'coordinates': [390, 241]}, {'name': 'coin_4', 'coordinates': [445, 131]}]"
aug_1_13.jpg,448,448,"[{'name': 'coin_1', 'coordinates': [74, 277]}, {'name': 'coin_2', 'coordinates': [26, 163]}, {'name': 'coin_3', 'coordinates': [390, 241]}, {'name': 'coin_4', 'coordinates': [445, 131]}]"
aug_2_13.jpg,448,448,"[{'name': 'coin_1', 'coordinates': [74, 277]}, {'name': 'coin_2', 'coordinates': [26, 163]}, {'name': 'coin_3', 'coordinates': [390, 241]}, {'name': 'coin_4', 'coordinates': [445, 131]}]"
aug_3_13.jpg,448,448,"[{'name': 'coin_1', 'coordinates': [74, 277]}, {'name': 'coin_2', 'coordinates': [26, 163]}, {'name': 'coin_3', 'coordinates': [390, 241]}, {'name': 'coin_4', 'coordinates': [445, 131]}]"
aug_0_14.jpg,448,448,"[{'name': 'coin_1', 'coordinates': [100, 284]}, {'name': 'coin_2', 'coordinates': [42, 169]}, {'name': 'coin_3', 'coordinates': [401, 250]}, {'name': 'coin_4', 'coordinates': [440, 143]}]"
aug_1_14.jpg,448,448,"[{'name': 'coin_1', 'coordinates': [100, 284]}, {'name': 'coin_2', 'coordinates': [42, 169]}, {'name': 'coin_3', 'coordinates': [401, 250]}, {'name': 'coin_4', 'coordinates': [440, 143]}]"
aug_2_14.jpg,448,448,"[{'name': 'coin_1', 'coordinates': [100, 284]}, {'name': 'coin_2', 'coordinates': [42, 169]}, {'name': 'coin_3', 'coordinates': [401, 250]}, {'name': 'coin_4', 'coordinates': [440, 143]}]"
aug_3_14.jpg,448,448,"[{'name': 'coin_1', 'coordinates': [100, 284]}, {'name': 'coin_2', 'coordinates': [42, 169]}, {'name': 'coin_3', 'coordinates': [401, 250]}, {'name': 'coin_4', 'coordinates': [440, 143]}]"
aug_0_15.jpg,448,448,"[{'name': 'coin_1', 'coordinates': [87, 256]}, {'name': 'coin_2', 'coordinates': [35, 158]}, {'name': 'coin_3', 'coordinates': [372, 251]}, {'name': 'coin_4', 'coordinates': [420, 144]}]"
aug_1_15.jpg,448,448,"[{'name': 'coin_1', 'coordinates': [87, 256]}, {'name': 'coin_2', 'coordinates': [35, 158]}, {'name': 'coin_3', 'coordinates': [372, 251]}, {'name': 'coin_4', 'coordinates': [420, 144]}]"
aug_2_15.jpg,448,448,"[{'name': 'coin_1', 'coordinates': [87, 256]}, {'name': 'coin_2', 'coordinates': [35, 158]}, {'name': 'coin_3', 'coordinates': [372, 251]}, {'name': 'coin_4', 'coordinates': [420, 144]}]"
aug_3_15.jpg,448,448,"[{'name': 'coin_1', 'coordinates': [87, 256]}, {'name': 'coin_2', 'coordinates': [35, 158]}, {'name': 'coin_3', 'coordinates': [372, 251]}, {'name': 'coin_4', 'coordinates': [420, 144]}]"
aug_0_16.jpg,448,448,"[{'name': 'coin_1', 'coordinates': [101, 249]}, {'name': 'coin_2', 'coordinates': [39, 147]}, {'name': 'coin_3', 'coordinates': [392, 221]}, {'name': 'coin_4', 'coordinates': [441, 109]}]"
aug_1_16.jpg,448,448,"[{'name': 'coin_1', 'coordinates': [101, 249]}, {'name': 'coin_2', 'coordinates': [39, 147]}, {'name': 'coin_3', 'coordinates': [392, 221]}, {'name': 'coin_4', 'coordinates': [441, 109]}]"
aug_2_16.jpg,448,448,"[{'name': 'coin_1', 'coordinates': [101, 249]}, {'name': 'coin_2', 'coordinates': [39, 147]}, {'name': 'coin_3', 'coordinates': [392, 221]}, {'name': 'coin_4', 'coordinates': [441, 109]}]"
aug_3_16.jpg,448,448,"[{'name': 'coin_1', 'coordinates': [101, 249]}, {'name': 'coin_2', 'coordinates': [39, 147]}, {'name': 'coin_3', 'coordinates': [392, 221]}, {'name': 'coin_4', 'coordinates': [441, 109]}]"
aug_0_17.jpg,448,448,"[{'name': 'coin_1', 'coordinates': [66, 262]}, {'name': 'coin_2', 'coordinates': [19, 171]}, {'name': 'coin_3', 'coordinates': [354, 253]}, {'name': 'coin_4', 'coordinates': [399, 191]}]"
aug_1_17.jpg,448,448,"[{'name': 'coin_1', 'coordinates': [66, 262]}, {'name': 'coin_2', 'coordinates': [19, 171]}, {'name': 'coin_3', 'coordinates': [354, 253]}, {'name': 'coin_4', 'coordinates': [399, 191]}]"
aug_2_17.jpg,448,448,"[{'name': 'coin_1', 'coordinates': [66, 262]}, {'name': 'coin_2', 'coordinates': [19, 171]}, {'name': 'coin_3', 'coordinates': [354, 253]}, {'name': 'coin_4', 'coordinates': [399, 191]}]"
aug_3_17.jpg,448,448,"[{'name': 'coin_1', 'coordinates': [66, 262]}, {'name': 'coin_2', 'coordinates': [19, 171]}, {'name': 'coin_3', 'coordinates': [354, 253]}, {'name': 'coin_4', 'coordinates': [399, 191]}]"
aug_0_18.jpg,448,448,"[{'name': 'coin_1', 'coordinates': [81, 287]}, {'name': 'coin_2', 'coordinates': [28, 196]}, {'name': 'coin_3', 'coordinates': [367, 279]}, {'name': 'coin_4', 'coordinates': [423, 194]}]"
aug_1_18.jpg,448,448,"[{'name': 'coin_1', 'coordinates': [81, 287]}, {'name': 'coin_2', 'coordinates': [28, 196]}, {'name': 'coin_3', 'coordinates': [367, 279]}, {'name': 'coin_4', 'coordinates': [423, 194]}]"
aug_2_18.jpg,448,448,"[{'name': 'coin_1', 'coordinates': [81, 287]}, {'name': 'coin_2', 'coordinates': [28, 196]}, {'name': 'coin_3', 'coordinates': [367, 279]}, {'name': 'coin_4', 'coordinates': [423, 194]}]"
aug_3_18.jpg,448,448,"[{'name': 'coin_1', 'coordinates': [81, 287]}, {'name': 'coin_2', 'coordinates': [28, 196]}, {'name': 'coin_3', 'coordinates': [367, 279]}, {'name': 'coin_4', 'coordinates': [423, 194]}]"
aug_0_19.jpg,448,448,"[{'name': 'coin_1', 'coordinates': [72, 314]}, {'name': 'coin_2', 'coordinates': [17, 233]}, {'name': 'coin_3', 'coordinates': [349, 316]}, {'name': 'coin_4', 'coordinates': [418, 227]}]"
aug_1_19.jpg,448,448,"[{'name': 'coin_1', 'coordinates': [72, 314]}, {'name': 'coin_2', 'coordinates': [17, 233]}, {'name': 'coin_3', 'coordinates': [349, 316]}, {'name': 'coin_4', 'coordinates': [418, 227]}]"
aug_2_19.jpg,448,448,"[{'name': 'coin_1', 'coordinates': [72, 314]}, {'name': 'coin_2', 'coordinates': [17, 233]}, {'name': 'coin_3', 'coordinates': [349, 316]}, {'name': 'coin_4', 'coordinates': [418, 227]}]"
aug_3_19.jpg,448,448,"[{'name': 'coin_1', 'coordinates': [72, 314]}, {'name': 'coin_2', 'coordinates': [17, 233]}, {'name': 'coin_3', 'coordinates': [349, 316]}, {'name': 'coin_4', 'coordinates': [418, 227]}]"
aug_0_2.jpg,448,448,"[{'name': 'coin_1', 'coordinates': [56, 131]}, {'name': 'coin_2', 'coordinates': [61, 41]}, {'name': 'coin_3', 'coordinates': [402, 123]}, {'name': 'coin_4', 'coordinates': [406, 78]}]"
aug_1_2.jpg,448,448,"[{'name': 'coin_1', 'coordinates': [56, 131]}, {'name': 'coin_2', 'coordinates': [61, 41]}, {'name': 'coin_3', 'coordinates': [402, 123]}, {'name': 'coin_4', 'coordinates': [406, 78]}]"
aug_2_2.jpg,448,448,"[{'name': 'coin_1', 'coordinates': [56, 131]}, {'name': 'coin_2', 'coordinates': [61, 41]}, {'name': 'coin_3', 'coordinates': [402, 123]}, {'name': 'coin_4', 'coordinates': [406, 78]}]"
aug_3_2.jpg,448,448,"[{'name': 'coin_1', 'coordinates': [56, 131]}, {'name': 'coin_2', 'coordinates': [61, 41]}, {'name': 'coin_3', 'coordinates': [402, 123]}, {'name': 'coin_4', 'coordinates': [406, 78]}]"
aug_0_20.jpg,448,448,"[{'name': 'coin_1', 'coordinates': [72, 243]}, {'name': 'coin_2', 'coordinates': [23, 149]}, {'name': 'coin_3', 'coordinates': [368, 238]}, {'name': 'coin_4', 'coordinates': [429, 126]}]"
aug_1_20.jpg,448,448,"[{'name': 'coin_1', 'coordinates': [72, 243]}, {'name': 'coin_2', 'coordinates': [23, 149]}, {'name': 'coin_3', 'coordinates': [368, 238]}, {'name': 'coin_4', 'coordinates': [429, 126]}]"
aug_2_20.jpg,448,448,"[{'name': 'coin_1', 'coordinates': [72, 243]}, {'name': 'coin_2', 'coordinates': [23, 149]}, {'name': 'coin_3', 'coordinates': [368, 238]}, {'name': 'coin_4', 'coordinates': [429, 126]}]"
aug_3_20.jpg,448,448,"[{'name': 'coin_1', 'coordinates': [72, 243]}, {'name': 'coin_2', 'coordinates': [23, 149]}, {'name': 'coin_3', 'coordinates': [368, 238]}, {'name': 'coin_4', 'coordinates': [429, 126]}]"
aug_0_21.jpg,448,448,"[{'name': 'coin_1', 'coordinates': [92, 311]}, {'name': 'coin_2', 'coordinates': [44, 247]}, {'name': 'coin_3', 'coordinates': [379, 302]}, {'name': 'coin_4', 'coordinates': [430, 225]}]"
aug_1_21.jpg,448,448,"[{'name': 'coin_1', 'coordinates': [92, 311]}, {'name': 'coin_2', 'coordinates': [44, 247]}, {'name': 'coin_3', 'coordinates': [379, 302]}, {'name': 'coin_4', 'coordinates': [430, 225]}]"
aug_2_21.jpg,448,448,"[{'name': 'coin_1', 'coordinates': [92, 311]}, {'name': 'coin_2', 'coordinates': [44, 247]}, {'name': 'coin_3', 'coordinates': [379, 302]}, {'name': 'coin_4', 'coordinates': [430, 225]}]"
aug_3_21.jpg,448,448,"[{'name': 'coin_1', 'coordinates': [92, 311]}, {'name': 'coin_2', 'coordinates': [44, 247]}, {'name': 'coin_3', 'coordinates': [379, 302]}, {'name': 'coin_4', 'coordinates': [430, 225]}]"
aug_0_22.jpg,448,448,"[{'name': 'coin_1', 'coordinates': [113, 265]}, {'name': 'coin_2', 'coordinates': [61, 138]}, {'name': 'coin_3', 'coordinates': [338, 258]}, {'name': 'coin_4', 'coordinates': [386, 139]}]"
aug_1_22.jpg,448,448,"[{'name': 'coin_1', 'coordinates': [113, 265]}, {'name': 'coin_2', 'coordinates': [61, 138]}, {'name': 'coin_3', 'coordinates': [338, 258]}, {'name': 'coin_4', 'coordinates': [386, 139]}]"
aug_2_22.jpg,448,448,"[{'name': 'coin_1', 'coordinates': [113, 265]}, {'name': 'coin_2', 'coordinates': [61, 138]}, {'name': 'coin_3', 'coordinates': [338, 258]}, {'name': 'coin_4', 'coordinates': [386, 139]}]"
aug_3_22.jpg,448,448,"[{'name': 'coin_1', 'coordinates': [113, 265]}, {'name': 'coin_2', 'coordinates': [61, 138]}, {'name': 'coin_3', 'coordinates': [338, 258]}, {'name': 'coin_4', 'coordinates': [386, 139]}]"
aug_0_23.jpg,448,448,"[{'name': 'coin_1', 'coordinates': [22, 325]}, {'name': 'coin_2', 'coordinates': [44, 182]}, {'name': 'coin_3', 'coordinates': [242, 409]}, {'name': 'coin_4', 'coordinates': [361, 309]}]"
aug_1_23.jpg,448,448,"[{'name': 'coin_1', 'coordinates': [22, 325]}, {'name': 'coin_2', 'coordinates': [44, 182]}, {'name': 'coin_3', 'coordinates': [242, 409]}, {'name': 'coin_4', 'coordinates': [361, 309]}]"
aug_2_23.jpg,448,448,"[{'name': 'coin_1', 'coordinates': [22, 325]}, {'name': 'coin_2', 'coordinates': [44, 182]}, {'name': 'coin_3', 'coordinates': [242, 409]}, {'name': 'coin_4', 'coordinates': [361, 309]}]"
aug_3_23.jpg,448,448,"[{'name': 'coin_1', 'coordinates': [22, 325]}, {'name': 'coin_2', 'coordinates': [44, 182]}, {'name': 'coin_3', 'coordinates': [242, 409]}, {'name': 'coin_4', 'coordinates': [361, 309]}]"
aug_0_24.jpg,448,448,"[{'name': 'coin_1', 'coordinates': [97, 355]}, {'name': 'coin_2', 'coordinates': [19, 207]}, {'name': 'coin_3', 'coordinates': [392, 380]}, {'name': 'coin_4', 'coordinates': [434, 252]}]"
aug_1_24.jpg,448,448,"[{'name': 'coin_1', 'coordinates': [97, 355]}, {'name': 'coin_2', 'coordinates': [19, 207]}, {'name': 'coin_3', 'coordinates': [392, 380]}, {'name': 'coin_4', 'coordinates': [434, 252]}]"
aug_2_24.jpg,448,448,"[{'name': 'coin_1', 'coordinates': [97, 355]}, {'name': 'coin_2', 'coordinates': [19, 207]}, {'name': 'coin_3', 'coordinates': [392, 380]}, {'name': 'coin_4', 'coordinates': [434, 252]}]"
aug_3_24.jpg,448,448,"[{'name': 'coin_1', 'coordinates': [97, 355]}, {'name': 'coin_2', 'coordinates': [19, 207]}, {'name': 'coin_3', 'coordinates': [392, 380]}, {'name': 'coin_4', 'coordinates': [434, 252]}]"
aug_0_25.jpg,448,448,"[{'name': 'coin_1', 'coordinates': [92, 128]}, {'name': 'coin_2', 'coordinates': [64, 296]}, {'name': 'coin_3', 'coordinates': [336, 120]}, {'name': 'coin_4', 'coordinates': [357, 253]}]"
aug_1_25.jpg,448,448,"[{'name': 'coin_1', 'coordinates': [92, 128]}, {'name': 'coin_2', 'coordinates': [64, 296]}, {'name': 'coin_3', 'coordinates': [336, 120]}, {'name': 'coin_4', 'coordinates': [357, 253]}]"
aug_2_25.jpg,448,448,"[{'name': 'coin_1', 'coordinates': [92, 128]}, {'name': 'coin_2', 'coordinates': [64, 296]}, {'name': 'coin_3', 'coordinates': [336, 120]}, {'name': 'coin_4', 'coordinates': [357, 253]}]"
aug_3_25.jpg,448,448,"[{'name': 'coin_1', 'coordinates': [92, 128]}, {'name': 'coin_2', 'coordinates': [64, 296]}, {'name': 'coin_3', 'coordinates': [336, 120]}, {'name': 'coin_4', 'coordinates': [357, 253]}]"
aug_0_26.jpg,448,448,"[{'name': 'coin_1', 'coordinates': [84, 290]}, {'name': 'coin_2', 'coordinates': [23, 166]}, {'name': 'coin_3', 'coordinates': [404, 311]}, {'name': 'coin_4', 'coordinates': [427, 269]}]"
aug_1_26.jpg,448,448,"[{'name': 'coin_1', 'coordinates': [84, 290]}, {'name': 'coin_2', 'coordinates': [23, 166]}, {'name': 'coin_3', 'coordinates': [404, 311]}, {'name': 'coin_4', 'coordinates': [427, 269]}]"
aug_2_26.jpg,448,448,"[{'name': 'coin_1', 'coordinates': [84, 290]}, {'name': 'coin_2', 'coordinates': [23, 166]}, {'name': 'coin_3', 'coordinates': [404, 311]}, {'name': 'coin_4', 'coordinates': [427, 269]}]"
aug_3_26.jpg,448,448,"[{'name': 'coin_1', 'coordinates': [84, 290]}, {'name': 'coin_2', 'coordinates': [23, 166]}, {'name': 'coin_3', 'coordinates': [404, 311]}, {'name': 'coin_4', 'coordinates': [427, 269]}]"
aug_0_27.jpg,448,448,"[{'name': 'coin_1', 'coordinates': [72, 330]}, {'name': 'coin_2', 'coordinates': [15, 181]}, {'name': 'coin_3', 'coordinates': [395, 349]}, {'name': 'coin_4', 'coordinates': [415, 303]}]"
aug_1_27.jpg,448,448,"[{'name': 'coin_1', 'coordinates': [72, 330]}, {'name': 'coin_2', 'coordinates': [15, 181]}, {'name': 'coin_3', 'coordinates': [395, 349]}, {'name': 'coin_4', 'coordinates': [415, 303]}]"
aug_2_27.jpg,448,448,"[{'name': 'coin_1', 'coordinates': [72, 330]}, {'name': 'coin_2', 'coordinates': [15, 181]}, {'name': 'coin_3', 'coordinates': [395, 349]}, {'name': 'coin_4', 'coordinates': [415, 303]}]"
aug_3_27.jpg,448,448,"[{'name': 'coin_1', 'coordinates': [72, 330]}, {'name': 'coin_2', 'coordinates': [15, 181]}, {'name': 'coin_3', 'coordinates': [395, 349]}, {'name': 'coin_4', 'coordinates': [415, 303]}]"
aug_0_28.jpg,448,448,"[{'name': 'coin_1', 'coordinates': [77, 264]}, {'name': 'coin_2', 'coordinates': [22, 151]}, {'name': 'coin_3', 'coordinates': [393, 263]}, {'name': 'coin_4', 'coordinates': [423, 200]}]"
aug_1_28.jpg,448,448,"[{'name': 'coin_1', 'coordinates': [77, 264]}, {'name': 'coin_2', 'coordinates': [22, 151]}, {'name': 'coin_3', 'coordinates': [393, 263]}, {'name': 'coin_4', 'coordinates': [423, 200]}]"
aug_2_28.jpg,448,448,"[{'name': 'coin_1', 'coordinates': [77, 264]}, {'name': 'coin_2', 'coordinates': [22, 151]}, {'name': 'coin_3', 'coordinates': [393, 263]}, {'name': 'coin_4', 'coordinates': [423, 200]}]"
aug_3_28.jpg,448,448,"[{'name': 'coin_1', 'coordinates': [77, 264]}, {'name': 'coin_2', 'coordinates': [22, 151]}, {'name': 'coin_3', 'coordinates': [393, 263]}, {'name': 'coin_4', 'coordinates': [423, 200]}]"
aug_0_29.jpg,448,448,"[{'name': 'coin_1', 'coordinates': [68, 291]}, {'name': 'coin_2', 'coordinates': [29, 195]}, {'name': 'coin_3', 'coordinates': [397, 305]}, {'name': 'coin_4', 'coordinates': [417, 266]}]"
aug_1_29.jpg,448,448,"[{'name': 'coin_1', 'coordinates': [68, 291]}, {'name': 'coin_2', 'coordinates': [29, 195]}, {'name': 'coin_3', 'coordinates': [397, 305]}, {'name': 'coin_4', 'coordinates': [417, 266]}]"
aug_2_29.jpg,448,448,"[{'name': 'coin_1', 'coordinates': [68, 291]}, {'name': 'coin_2', 'coordinates': [29, 195]}, {'name': 'coin_3', 'coordinates': [397, 305]}, {'name': 'coin_4', 'coordinates': [417, 266]}]"
aug_3_29.jpg,448,448,"[{'name': 'coin_1', 'coordinates': [68, 291]}, {'name': 'coin_2', 'coordinates': [29, 195]}, {'name': 'coin_3', 'coordinates': [397, 305]}, {'name': 'coin_4', 'coordinates': [417, 266]}]"
aug_0_3.jpg,448,448,"[{'name': 'coin_1', 'coordinates': [39, 138]}, {'name': 'coin_2', 'coordinates': [40, 70]}, {'name': 'coin_3', 'coordinates': [411, 154]}, {'name': 'coin_4', 'coordinates': [408, 82]}]"
aug_1_3.jpg,448,448,"[{'name': 'coin_1', 'coordinates': [39, 138]}, {'name': 'coin_2', 'coordinates': [40, 70]}, {'name': 'coin_3', 'coordinates': [411, 154]}, {'name': 'coin_4', 'coordinates': [408, 82]}]"
aug_2_3.jpg,448,448,"[{'name': 'coin_1', 'coordinates': [39, 138]}, {'name': 'coin_2', 'coordinates': [40, 70]}, {'name': 'coin_3', 'coordinates': [411, 154]}, {'name': 'coin_4', 'coordinates': [408, 82]}]"
aug_3_3.jpg,448,448,"[{'name': 'coin_1', 'coordinates': [39, 138]}, {'name': 'coin_2', 'coordinates': [40, 70]}, {'name': 'coin_3', 'coordinates': [411, 154]}, {'name': 'coin_4', 'coordinates': [408, 82]}]"
aug_0_30.jpg,448,448,"[{'name': 'coin_1', 'coordinates': [79, 364]}, {'name': 'coin_2', 'coordinates': [29, 247]}, {'name': 'coin_3', 'coordinates': [395, 352]}, {'name': 'coin_4', 'coordinates': [425, 283]}]"
aug_1_30.jpg,448,448,"[{'name': 'coin_1', 'coordinates': [79, 364]}, {'name': 'coin_2', 'coordinates': [29, 247]}, {'name': 'coin_3', 'coordinates': [395, 352]}, {'name': 'coin_4', 'coordinates': [425, 283]}]"
aug_2_30.jpg,448,448,"[{'name': 'coin_1', 'coordinates': [79, 364]}, {'name': 'coin_2', 'coordinates': [29, 247]}, {'name': 'coin_3', 'coordinates': [395, 352]}, {'name': 'coin_4', 'coordinates': [425, 283]}]"
aug_3_30.jpg,448,448,"[{'name': 'coin_1', 'coordinates': [79, 364]}, {'name': 'coin_2', 'coordinates': [29, 247]}, {'name': 'coin_3', 'coordinates': [395, 352]}, {'name': 'coin_4', 'coordinates': [425, 283]}]"
aug_0_31.jpg,448,448,"[{'name': 'coin_1', 'coordinates': [67, 306]}, {'name': 'coin_2', 'coordinates': [35, 226]}, {'name': 'coin_3', 'coordinates': [398, 301]}, {'name': 'coin_4', 'coordinates': [439, 180]}]"
aug_1_31.jpg,448,448,"[{'name': 'coin_1', 'coordinates': [67, 306]}, {'name': 'coin_2', 'coordinates': [35, 226]}, {'name': 'coin_3', 'coordinates': [398, 301]}, {'name': 'coin_4', 'coordinates': [439, 180]}]"
aug_2_31.jpg,448,448,"[{'name': 'coin_1', 'coordinates': [67, 306]}, {'name': 'coin_2', 'coordinates': [35, 226]}, {'name': 'coin_3', 'coordinates': [398, 301]}, {'name': 'coin_4', 'coordinates': [439, 180]}]"
aug_3_31.jpg,448,448,"[{'name': 'coin_1', 'coordinates': [67, 306]}, {'name': 'coin_2', 'coordinates': [35, 226]}, {'name': 'coin_3', 'coordinates': [398, 301]}, {'name': 'coin_4', 'coordinates': [439, 180]}]"
aug_0_32.jpg,448,448,"[{'name': 'coin_1', 'coordinates': [68, 309]}, {'name': 'coin_2', 'coordinates': [27, 220]}, {'name': 'coin_3', 'coordinates': [410, 293]}, {'name': 'coin_4', 'coordinates': [439, 193]}]"
aug_1_32.jpg,448,448,"[{'name': 'coin_1', 'coordinates': [68, 309]}, {'name': 'coin_2', 'coordinates': [27, 220]}, {'name': 'coin_3', 'coordinates': [410, 293]}, {'name': 'coin_4', 'coordinates': [439, 193]}]"
aug_2_32.jpg,448,448,"[{'name': 'coin_1', 'coordinates': [68, 309]}, {'name': 'coin_2', 'coordinates': [27, 220]}, {'name': 'coin_3', 'coordinates': [410, 293]}, {'name': 'coin_4', 'coordinates': [439, 193]}]"
aug_3_32.jpg,448,448,"[{'name': 'coin_1', 'coordinates': [68, 309]}, {'name': 'coin_2', 'coordinates': [27, 220]}, {'name': 'coin_3', 'coordinates': [410, 293]}, {'name': 'coin_4', 'coordinates': [439, 193]}]"
aug_0_33.jpg,448,448,"[{'name': 'coin_1', 'coordinates': [23, 297]}, {'name': 'coin_2', 'coordinates': [14, 253]}, {'name': 'coin_3', 'coordinates': [349, 375]}, {'name': 'coin_4', 'coordinates': [399, 333]}]"
aug_1_33.jpg,448,448,"[{'name': 'coin_1', 'coordinates': [23, 297]}, {'name': 'coin_2', 'coordinates': [14, 253]}, {'name': 'coin_3', 'coordinates': [349, 375]}, {'name': 'coin_4', 'coordinates': [399, 333]}]"
aug_2_33.jpg,448,448,"[{'name': 'coin_1', 'coordinates': [23, 297]}, {'name': 'coin_2', 'coordinates': [14, 253]}, {'name': 'coin_3', 'coordinates': [349, 375]}, {'name': 'coin_4', 'coordinates': [399, 333]}]"
aug_3_33.jpg,448,448,"[{'name': 'coin_1', 'coordinates': [23, 297]}, {'name': 'coin_2', 'coordinates': [14, 253]}, {'name': 'coin_3', 'coordinates': [349, 375]}, {'name': 'coin_4', 'coordinates': [399, 333]}]"
aug_0_34.jpg,448,448,"[{'name': 'coin_1', 'coordinates': [71, 325]}, {'name': 'coin_2', 'coordinates': [47, 264]}, {'name': 'coin_3', 'coordinates': [392, 332]}, {'name': 'coin_4', 'coordinates': [409, 290]}]"
aug_1_34.jpg,448,448,"[{'name': 'coin_1', 'coordinates': [71, 325]}, {'name': 'coin_2', 'coordinates': [47, 264]}, {'name': 'coin_3', 'coordinates': [392, 332]}, {'name': 'coin_4', 'coordinates': [409, 290]}]"
aug_2_34.jpg,448,448,"[{'name': 'coin_1', 'coordinates': [71, 325]}, {'name': 'coin_2', 'coordinates': [47, 264]}, {'name': 'coin_3', 'coordinates': [392, 332]}, {'name': 'coin_4', 'coordinates': [409, 290]}]"
aug_3_34.jpg,448,448,"[{'name': 'coin_1', 'coordinates': [71, 325]}, {'name': 'coin_2', 'coordinates': [47, 264]}, {'name': 'coin_3', 'coordinates': [392, 332]}, {'name': 'coin_4', 'coordinates': [409, 290]}]"
aug_0_35.jpg,448,448,"[{'name': 'coin_1', 'coordinates': [100, 292]}, {'name': 'coin_2', 'coordinates': [59, 231]}, {'name': 'coin_3', 'coordinates': [405, 291]}, {'name': 'coin_4', 'coordinates': [435, 214]}]"
aug_1_35.jpg,448,448,"[{'name': 'coin_1', 'coordinates': [100, 292]}, {'name': 'coin_2', 'coordinates': [59, 231]}, {'name': 'coin_3', 'coordinates': [405, 291]}, {'name': 'coin_4', 'coordinates': [435, 214]}]"
aug_2_35.jpg,448,448,"[{'name': 'coin_1', 'coordinates': [100, 292]}, {'name': 'coin_2', 'coordinates': [59, 231]}, {'name': 'coin_3', 'coordinates': [405, 291]}, {'name': 'coin_4', 'coordinates': [435, 214]}]"
aug_3_35.jpg,448,448,"[{'name': 'coin_1', 'coordinates': [100, 292]}, {'name': 'coin_2', 'coordinates': [59, 231]}, {'name': 'coin_3', 'coordinates': [405, 291]}, {'name': 'coin_4', 'coordinates': [435, 214]}]"
aug_0_36.jpg,448,448,"[{'name': 'coin_1', 'coordinates': [101, 293]}, {'name': 'coin_2', 'coordinates': [54, 231]}, {'name': 'coin_3', 'coordinates': [414, 277]}, {'name': 'coin_4', 'coordinates': [441, 207]}]"
aug_1_36.jpg,448,448,"[{'name': 'coin_1', 'coordinates': [101, 293]}, {'name': 'coin_2', 'coordinates': [54, 231]}, {'name': 'coin_3', 'coordinates': [414, 277]}, {'name': 'coin_4', 'coordinates': [441, 207]}]"
aug_2_36.jpg,448,448,"[{'name': 'coin_1', 'coordinates': [101, 293]}, {'name': 'coin_2', 'coordinates': [54, 231]}, {'name': 'coin_3', 'coordinates': [414, 277]}, {'name': 'coin_4', 'coordinates': [441, 207]}]"
aug_3_36.jpg,448,448,"[{'name': 'coin_1', 'coordinates': [101, 293]}, {'name': 'coin_2', 'coordinates': [54, 231]}, {'name': 'coin_3', 'coordinates': [414, 277]}, {'name': 'coin_4', 'coordinates': [441, 207]}]"
aug_0_37.jpg,448,448,"[{'name': 'coin_1', 'coordinates': [145, 130]}, {'name': 'coin_2', 'coordinates': [160, 77]}, {'name': 'coin_3', 'coordinates': [340, 149]}, {'name': 'coin_4', 'coordinates': [342, 78]}]"
aug_1_37.jpg,448,448,"[{'name': 'coin_1', 'coordinates': [145, 130]}, {'name': 'coin_2', 'coordinates': [160, 77]}, {'name': 'coin_3', 'coordinates': [340, 149]}, {'name': 'coin_4', 'coordinates': [342, 78]}]"
aug_2_37.jpg,448,448,"[{'name': 'coin_1', 'coordinates': [145, 130]}, {'name': 'coin_2', 'coordinates': [160, 77]}, {'name': 'coin_3', 'coordinates': [340, 149]}, {'name': 'coin_4', 'coordinates': [342, 78]}]"
aug_3_37.jpg,448,448,"[{'name': 'coin_1', 'coordinates': [145, 130]}, {'name': 'coin_2', 'coordinates': [160, 77]}, {'name': 'coin_3', 'coordinates': [340, 149]}, {'name': 'coin_4', 'coordinates': [342, 78]}]"
aug_0_38.jpg,448,448,"[{'name': 'coin_1', 'coordinates': [121, 178]}, {'name': 'coin_2', 'coordinates': [97, 131]}, {'name': 'coin_3', 'coordinates': [285, 182]}, {'name': 'coin_4', 'coordinates': [305, 141]}]"
aug_1_38.jpg,448,448,"[{'name': 'coin_1', 'coordinates': [121, 178]}, {'name': 'coin_2', 'coordinates': [97, 131]}, {'name': 'coin_3', 'coordinates': [285, 182]}, {'name': 'coin_4', 'coordinates': [305, 141]}]"
aug_2_38.jpg,448,448,"[{'name': 'coin_1', 'coordinates': [121, 178]}, {'name': 'coin_2', 'coordinates': [97, 131]}, {'name': 'coin_3', 'coordinates': [285, 182]}, {'name': 'coin_4', 'coordinates': [305, 141]}]"
aug_3_38.jpg,448,448,"[{'name': 'coin_1', 'coordinates': [121, 178]}, {'name': 'coin_2', 'coordinates': [97, 131]}, {'name': 'coin_3', 'coordinates': [285, 182]}, {'name': 'coin_4', 'coordinates': [305, 141]}]"
aug_0_39.jpg,448,448,"[{'name': 'coin_1', 'coordinates': [61, 260]}, {'name': 'coin_2', 'coordinates': [79, 396]}, {'name': 'coin_3', 'coordinates': [381, 245]}, {'name': 'coin_4', 'coordinates': [330, 404]}]"
aug_1_39.jpg,448,448,"[{'name': 'coin_1', 'coordinates': [61, 260]}, {'name': 'coin_2', 'coordinates': [79, 396]}, {'name': 'coin_3', 'coordinates': [381, 245]}, {'name': 'coin_4', 'coordinates': [330, 404]}]"
aug_2_39.jpg,448,448,"[{'name': 'coin_1', 'coordinates': [61, 260]}, {'name': 'coin_2', 'coordinates': [79, 396]}, {'name': 'coin_3', 'coordinates': [381, 245]}, {'name': 'coin_4', 'coordinates': [330, 404]}]"
aug_3_39.jpg,448,448,"[{'name': 'coin_1', 'coordinates': [61, 260]}, {'name': 'coin_2', 'coordinates': [79, 396]}, {'name': 'coin_3', 'coordinates': [381, 245]}, {'name': 'coin_4', 'coordinates': [330, 404]}]"
aug_0_4.jpg,448,448,"[{'name': 'coin_1', 'coordinates': [74, 62]}, {'name': 'coin_2', 'coordinates': [13, 264]}, {'name': 'coin_3', 'coordinates': [382, 92]}, {'name': 'coin_4', 'coordinates': [438, 239]}]"
aug_1_4.jpg,448,448,"[{'name': 'coin_1', 'coordinates': [74, 62]}, {'name': 'coin_2', 'coordinates': [13, 264]}, {'name': 'coin_3', 'coordinates': [382, 92]}, {'name': 'coin_4', 'coordinates': [438, 239]}]"
aug_2_4.jpg,448,448,"[{'name': 'coin_1', 'coordinates': [74, 62]}, {'name': 'coin_2', 'coordinates': [13, 264]}, {'name': 'coin_3', 'coordinates': [382, 92]}, {'name': 'coin_4', 'coordinates': [438, 239]}]"
aug_3_4.jpg,448,448,"[{'name': 'coin_1', 'coordinates': [74, 62]}, {'name': 'coin_2', 'coordinates': [13, 264]}, {'name': 'coin_3', 'coordinates': [382, 92]}, {'name': 'coin_4', 'coordinates': [438, 239]}]"
aug_0_40.jpg,448,448,"[{'name': 'coin_1', 'coordinates': [59, 259]}, {'name': 'coin_2', 'coordinates': [82, 397]}, {'name': 'coin_3', 'coordinates': [374, 243]}, {'name': 'coin_4', 'coordinates': [329, 402]}]"
aug_1_40.jpg,448,448,"[{'name': 'coin_1', 'coordinates': [59, 259]}, {'name': 'coin_2', 'coordinates': [82, 397]}, {'name': 'coin_3', 'coordinates': [374, 243]}, {'name': 'coin_4', 'coordinates': [329, 402]}]"
aug_2_40.jpg,448,448,"[{'name': 'coin_1', 'coordinates': [59, 259]}, {'name': 'coin_2', 'coordinates': [82, 397]}, {'name': 'coin_3', 'coordinates': [374, 243]}, {'name': 'coin_4', 'coordinates': [329, 402]}]"
aug_3_40.jpg,448,448,"[{'name': 'coin_1', 'coordinates': [59, 259]}, {'name': 'coin_2', 'coordinates': [82, 397]}, {'name': 'coin_3', 'coordinates': [374, 243]}, {'name': 'coin_4', 'coordinates': [329, 402]}]"
aug_0_41.jpg,448,448,"[{'name': 'coin_1', 'coordinates': [61, 261]}, {'name': 'coin_2', 'coordinates': [82, 397]}, {'name': 'coin_3', 'coordinates': [372, 246]}, {'name': 'coin_4', 'coordinates': [331, 388]}]"
aug_1_41.jpg,448,448,"[{'name': 'coin_1', 'coordinates': [61, 261]}, {'name': 'coin_2', 'coordinates': [82, 397]}, {'name': 'coin_3', 'coordinates': [372, 246]}, {'name': 'coin_4', 'coordinates': [331, 388]}]"
aug_2_41.jpg,448,448,"[{'name': 'coin_1', 'coordinates': [61, 261]}, {'name': 'coin_2', 'coordinates': [82, 397]}, {'name': 'coin_3', 'coordinates': [372, 246]}, {'name': 'coin_4', 'coordinates': [331, 388]}]"
aug_3_41.jpg,448,448,"[{'name': 'coin_1', 'coordinates': [61, 261]}, {'name': 'coin_2', 'coordinates': [82, 397]}, {'name': 'coin_3', 'coordinates': [372, 246]}, {'name': 'coin_4', 'coordinates': [331, 388]}]"
aug_0_42.jpg,448,448,"[{'name': 'coin_1', 'coordinates': [33, 266]}, {'name': 'coin_2', 'coordinates': [82, 415]}, {'name': 'coin_3', 'coordinates': [378, 243]}, {'name': 'coin_4', 'coordinates': [338, 395]}]"
aug_1_42.jpg,448,448,"[{'name': 'coin_1', 'coordinates': [33, 266]}, {'name': 'coin_2', 'coordinates': [82, 415]}, {'name': 'coin_3', 'coordinates': [378, 243]}, {'name': 'coin_4', 'coordinates': [338, 395]}]"
aug_2_42.jpg,448,448,"[{'name': 'coin_1', 'coordinates': [33, 266]}, {'name': 'coin_2', 'coordinates': [82, 415]}, {'name': 'coin_3', 'coordinates': [378, 243]}, {'name': 'coin_4', 'coordinates': [338, 395]}]"
aug_3_42.jpg,448,448,"[{'name': 'coin_1', 'coordinates': [33, 266]}, {'name': 'coin_2', 'coordinates': [82, 415]}, {'name': 'coin_3', 'coordinates': [378, 243]}, {'name': 'coin_4', 'coordinates': [338, 395]}]"
aug_0_43.jpg,448,448,"[{'name': 'coin_1', 'coordinates': [40, 133]}, {'name': 'coin_2', 'coordinates': [47, 60]}, {'name': 'coin_3', 'coordinates': [409, 122]}, {'name': 'coin_4', 'coordinates': [375, 53]}]"
aug_1_43.jpg,448,448,"[{'name': 'coin_1', 'coordinates': [40, 133]}, {'name': 'coin_2', 'coordinates': [47, 60]}, {'name': 'coin_3', 'coordinates': [409, 122]}, {'name': 'coin_4', 'coordinates': [375, 53]}]"
aug_2_43.jpg,448,448,"[{'name': 'coin_1', 'coordinates': [40, 133]}, {'name': 'coin_2', 'coordinates': [47, 60]}, {'name': 'coin_3', 'coordinates': [409, 122]}, {'name': 'coin_4', 'coordinates': [375, 53]}]"
aug_3_43.jpg,448,448,"[{'name': 'coin_1', 'coordinates': [40, 133]}, {'name': 'coin_2', 'coordinates': [47, 60]}, {'name': 'coin_3', 'coordinates': [409, 122]}, {'name': 'coin_4', 'coordinates': [375, 53]}]"
aug_0_44.jpg,448,448,"[{'name': 'coin_1', 'coordinates': [49, 141]}, {'name': 'coin_2', 'coordinates': [75, 80]}, {'name': 'coin_3', 'coordinates': [427, 143]}, {'name': 'coin_4', 'coordinates': [389, 82]}]"
aug_1_44.jpg,448,448,"[{'name': 'coin_1', 'coordinates': [49, 141]}, {'name': 'coin_2', 'coordinates': [75, 80]}, {'name': 'coin_3', 'coordinates': [427, 143]}, {'name': 'coin_4', 'coordinates': [389, 82]}]"
aug_2_44.jpg,448,448,"[{'name': 'coin_1', 'coordinates': [49, 141]}, {'name': 'coin_2', 'coordinates': [75, 80]}, {'name': 'coin_3', 'coordinates': [427, 143]}, {'name': 'coin_4', 'coordinates': [389, 82]}]"
aug_3_44.jpg,448,448,"[{'name': 'coin_1', 'coordinates': [49, 141]}, {'name': 'coin_2', 'coordinates': [75, 80]}, {'name': 'coin_3', 'coordinates': [427, 143]}, {'name': 'coin_4', 'coordinates': [389, 82]}]"
aug_0_45.jpg,448,448,"[{'name': 'coin_1', 'coordinates': [15, 190]}, {'name': 'coin_2', 'coordinates': [30, 106]}, {'name': 'coin_3', 'coordinates': [417, 161]}, {'name': 'coin_4', 'coordinates': [396, 99]}]"
aug_1_45.jpg,448,448,"[{'name': 'coin_1', 'coordinates': [15, 190]}, {'name': 'coin_2', 'coordinates': [30, 106]}, {'name': 'coin_3', 'coordinates': [417, 161]}, {'name': 'coin_4', 'coordinates': [396, 99]}]"
aug_2_45.jpg,448,448,"[{'name': 'coin_1', 'coordinates': [15, 190]}, {'name': 'coin_2', 'coordinates': [30, 106]}, {'name': 'coin_3', 'coordinates': [417, 161]}, {'name': 'coin_4', 'coordinates': [396, 99]}]"
aug_3_45.jpg,448,448,"[{'name': 'coin_1', 'coordinates': [15, 190]}, {'name': 'coin_2', 'coordinates': [30, 106]}, {'name': 'coin_3', 'coordinates': [417, 161]}, {'name': 'coin_4', 'coordinates': [396, 99]}]"
aug_0_46.jpg,448,448,"[{'name': 'coin_1', 'coordinates': [427, 137]}, {'name': 'coin_2', 'coordinates': [435, 65]}, {'name': 'coin_3', 'coordinates': [16, 163]}, {'name': 'coin_4', 'coordinates': [6, 141]}]"
aug_1_46.jpg,448,448,"[{'name': 'coin_1', 'coordinates': [427, 137]}, {'name': 'coin_2', 'coordinates': [435, 65]}, {'name': 'coin_3', 'coordinates': [16, 163]}, {'name': 'coin_4', 'coordinates': [6, 141]}]"
aug_2_46.jpg,448,448,"[{'name': 'coin_1', 'coordinates': [427, 137]}, {'name': 'coin_2', 'coordinates': [435, 65]}, {'name': 'coin_3', 'coordinates': [16, 163]}, {'name': 'coin_4', 'coordinates': [6, 141]}]"
aug_3_46.jpg,448,448,"[{'name': 'coin_1', 'coordinates': [427, 137]}, {'name': 'coin_2', 'coordinates': [435, 65]}, {'name': 'coin_3', 'coordinates': [16, 163]}, {'name': 'coin_4', 'coordinates': [6, 141]}]"
aug_0_47.jpg,448,448,"[{'name': 'coin_1', 'coordinates': [41, 131]}, {'name': 'coin_2', 'coordinates': [51, 62]}, {'name': 'coin_3', 'coordinates': [406, 121]}, {'name': 'coin_4', 'coordinates': [378, 58]}]"
aug_1_47.jpg,448,448,"[{'name': 'coin_1', 'coordinates': [41, 131]}, {'name': 'coin_2', 'coordinates': [51, 62]}, {'name': 'coin_3', 'coordinates': [406, 121]}, {'name': 'coin_4', 'coordinates': [378, 58]}]"
aug_2_47.jpg,448,448,"[{'name': 'coin_1', 'coordinates': [41, 131]}, {'name': 'coin_2', 'coordinates': [51, 62]}, {'name': 'coin_3', 'coordinates': [406, 121]}, {'name': 'coin_4', 'coordinates': [378, 58]}]"
aug_3_47.jpg,448,448,"[{'name': 'coin_1', 'coordinates': [41, 131]}, {'name': 'coin_2', 'coordinates': [51, 62]}, {'name': 'coin_3', 'coordinates': [406, 121]}, {'name': 'coin_4', 'coordinates': [378, 58]}]"
aug_0_5.jpg,448,448,"[{'name': 'coin_1', 'coordinates': [149, 299]}, {'name': 'coin_2', 'coordinates': [112, 230]}, {'name': 'coin_3', 'coordinates': [404, 263]}, {'name': 'coin_4', 'coordinates': [428, 162]}]"
aug_1_5.jpg,448,448,"[{'name': 'coin_1', 'coordinates': [149, 299]}, {'name': 'coin_2', 'coordinates': [112, 230]}, {'name': 'coin_3', 'coordinates': [404, 263]}, {'name': 'coin_4', 'coordinates': [428, 162]}]"
aug_2_5.jpg,448,448,"[{'name': 'coin_1', 'coordinates': [149, 299]}, {'name': 'coin_2', 'coordinates': [112, 230]}, {'name': 'coin_3', 'coordinates': [404, 263]}, {'name': 'coin_4', 'coordinates': [428, 162]}]"
aug_3_5.jpg,448,448,"[{'name': 'coin_1', 'coordinates': [149, 299]}, {'name': 'coin_2', 'coordinates': [112, 230]}, {'name': 'coin_3', 'coordinates': [404, 263]}, {'name': 'coin_4', 'coordinates': [428, 162]}]"
aug_0_6.jpg,448,448,"[{'name': 'coin_1', 'coordinates': [115, 111]}, {'name': 'coin_2', 'coordinates': [122, 53]}, {'name': 'coin_3', 'coordinates': [351, 108]}, {'name': 'coin_4', 'coordinates': [340, 69]}]"
aug_1_6.jpg,448,448,"[{'name': 'coin_1', 'coordinates': [115, 111]}, {'name': 'coin_2', 'coordinates': [122, 53]}, {'name': 'coin_3', 'coordinates': [351, 108]}, {'name': 'coin_4', 'coordinates': [340, 69]}]"
aug_2_6.jpg,448,448,"[{'name': 'coin_1', 'coordinates': [115, 111]}, {'name': 'coin_2', 'coordinates': [122, 53]}, {'name': 'coin_3', 'coordinates': [351, 108]}, {'name': 'coin_4', 'coordinates': [340, 69]}]"
aug_3_6.jpg,448,448,"[{'name': 'coin_1', 'coordinates': [115, 111]}, {'name': 'coin_2', 'coordinates': [122, 53]}, {'name': 'coin_3', 'coordinates': [351, 108]}, {'name': 'coin_4', 'coordinates': [340, 69]}]"
aug_0_7.jpg,448,448,"[{'name': 'coin_1', 'coordinates': [175, 271]}, {'name': 'coin_2', 'coordinates': [156, 160]}, {'name': 'coin_3', 'coordinates': [274, 233]}, {'name': 'coin_4', 'coordinates': [289, 158]}]"
aug_1_7.jpg,448,448,"[{'name': 'coin_1', 'coordinates': [175, 271]}, {'name': 'coin_2', 'coordinates': [156, 160]}, {'name': 'coin_3', 'coordinates': [274, 233]}, {'name': 'coin_4', 'coordinates': [289, 158]}]"
aug_2_7.jpg,448,448,"[{'name': 'coin_1', 'coordinates': [175, 271]}, {'name': 'coin_2', 'coordinates': [156, 160]}, {'name': 'coin_3', 'coordinates': [274, 233]}, {'name': 'coin_4', 'coordinates': [289, 158]}]"
aug_3_7.jpg,448,448,"[{'name': 'coin_1', 'coordinates': [175, 271]}, {'name': 'coin_2', 'coordinates': [156, 160]}, {'name': 'coin_3', 'coordinates': [274, 233]}, {'name': 'coin_4', 'coordinates': [289, 158]}]"
aug_0_8.jpg,448,448,"[{'name': 'coin_1', 'coordinates': [69, 323]}, {'name': 'coin_2', 'coordinates': [26, 203]}, {'name': 'coin_3', 'coordinates': [396, 259]}, {'name': 'coin_4', 'coordinates': [431, 153]}]"
aug_1_8.jpg,448,448,"[{'name': 'coin_1', 'coordinates': [69, 323]}, {'name': 'coin_2', 'coordinates': [26, 203]}, {'name': 'coin_3', 'coordinates': [396, 259]}, {'name': 'coin_4', 'coordinates': [431, 153]}]"
aug_2_8.jpg,448,448,"[{'name': 'coin_1', 'coordinates': [69, 323]}, {'name': 'coin_2', 'coordinates': [26, 203]}, {'name': 'coin_3', 'coordinates': [396, 259]}, {'name': 'coin_4', 'coordinates': [431, 153]}]"
aug_3_8.jpg,448,448,"[{'name': 'coin_1', 'coordinates': [69, 323]}, {'name': 'coin_2', 'coordinates': [26, 203]}, {'name': 'coin_3', 'coordinates': [396, 259]}, {'name': 'coin_4', 'coordinates': [431, 153]}]"
aug_0_9.jpg,448,448,"[{'name': 'coin_1', 'coordinates': [75, 319]}, {'name': 'coin_2', 'coordinates': [39, 216]}, {'name': 'coin_3', 'coordinates': [392, 265]}, {'name': 'coin_4', 'coordinates': [434, 161]}]"
aug_1_9.jpg,448,448,"[{'name': 'coin_1', 'coordinates': [75, 319]}, {'name': 'coin_2', 'coordinates': [39, 216]}, {'name': 'coin_3', 'coordinates': [392, 265]}, {'name': 'coin_4', 'coordinates': [434, 161]}]"
aug_2_9.jpg,448,448,"[{'name': 'coin_1', 'coordinates': [75, 319]}, {'name': 'coin_2', 'coordinates': [39, 216]}, {'name': 'coin_3', 'coordinates': [392, 265]}, {'name': 'coin_4', 'coordinates': [434, 161]}]"
aug_3_9.jpg,448,448,"[{'name': 'coin_1', 'coordinates': [75, 319]}, {'name': 'coin_2', 'coordinates': [39, 216]}, {'name': 'coin_3', 'coordinates': [392, 265]}, {'name': 'coin_4', 'coordinates': [434, 161]}]"
